H3,CP(C1=C(NC2=C(Cl)C=NC(NC3=CC(NC(C)=O)=C(N4CCC(N5CCN(C)CC5)CC4)C=C3OC)=N2)C=CC=C1)(C)=O,10000,5,"ADichloropropionamide-SubstitutedDiaminopyrimidineEGFR-TKI
OvercomesOsimertinibResistanceinNSCLCviaDualAnchoringat
Ser797andMet793",2.9,-1.451209426,7.451209426,26.13,-1.48443675,7.48443675,,0,0
H4a,CP(C1=C(NC2=C(Cl)C=NC(NC3=CC(NC(C4=CC=CC=C4)=O)=C(N5CCC(N6CCN(C)CC6)CC5)C=C3OC)=N2)C=CC=C1)(C)=O,10000,5,"ADichloropropionamide-SubstitutedDiaminopyrimidineEGFR-TKI
OvercomesOsimertinibResistanceinNSCLCviaDualAnchoringat
Ser797andMet793",5.13,-3.43,9.43,19.78,-0.186556876,6.186556876,,0,1
H4b,CP(C1=C(NC2=C(Cl)C=NC(NC3=CC(NC(C4=CC=C(OC)C=C4)=O)=C(N5CCC(N6CCN(C)CC6)CC5)C=C3OC)=N2)C=CC=C1)(C)=O,10000,5,"ADichloropropionamide-SubstitutedDiaminopyrimidineEGFR-TKI
OvercomesOsimertinibResistanceinNSCLCviaDualAnchoringat
Ser797andMet793",3.96,2.688,3.312,14.81,-1.456384182,7.456384182,,0,0
H4c,CP(C1=C(NC2=C(Cl)C=NC(NC3=CC(NC(C4=CC=C(C)C=C4)=O)=C(N5CCC(N6CCN(C)CC6)CC5)C=C3OC)=N2)C=CC=C1)(C)=O,10000,5,"ADichloropropionamide-SubstitutedDiaminopyrimidineEGFR-TKI
OvercomesOsimertinibResistanceinNSCLCviaDualAnchoringat
Ser797andMet793",3.75,2.687,3.313,25.12,-0.860518098,6.860518098,,0,0
H4d,CP(C1=C(NC2=C(Cl)C=NC(NC3=CC(NC(C4=CC=C(Cl)C=C4)=O)=C(N5CCC(N6CCN(C)CC6)CC5)C=C3OC)=N2)C=CC=C1)(C)=O,10000,5,"ADichloropropionamide-SubstitutedDiaminopyrimidineEGFR-TKI
OvercomesOsimertinibResistanceinNSCLCviaDualAnchoringat
Ser797andMet793",3.36,-0.59,6.59,22.7,-1.057771564,7.057771564,,0,0
H4e,CP(C1=C(NC2=C(Cl)C=NC(NC3=CC(NC(C4=CC=CC(OC)=C4)=O)=C(N5CCC(N6CCN(C)CC6)CC5)C=C3OC)=N2)C=CC=C1)(C)=O,10000,5,"ADichloropropionamide-SubstitutedDiaminopyrimidineEGFR-TKI
OvercomesOsimertinibResistanceinNSCLCviaDualAnchoringat
Ser797andMet793",3.01,-0.25,6.25,26.45,-1.172549486,7.172549486,,0,0
H4f,CP(C1=C(NC2=C(Cl)C=NC(NC3=CC(NC(C4=CC=CC(C)=C4)=O)=C(N5CCC(N6CCN(C)CC6)CC5)C=C3OC)=N2)C=CC=C1)(C)=O,10000,5,"ADichloropropionamide-SubstitutedDiaminopyrimidineEGFR-TKI
OvercomesOsimertinibResistanceinNSCLCviaDualAnchoringat
Ser797andMet793",5.29,-0.07,6.07,20.53,-0.805643678,6.805643678,,0,1
H4h,CP(C1=C(NC2=C(Cl)C=NC(NC3=CC(NC(C4=CC=CC=C4OC)=O)=C(N5CCC(N6CCN(C)CC6)CC5)C=C3OC)=N2)C=CC=C1)(C)=O,10000,5,"ADichloropropionamide-SubstitutedDiaminopyrimidineEGFR-TKI
OvercomesOsimertinibResistanceinNSCLCviaDualAnchoringat
Ser797andMet793",2.99,-0.2,6.2,12.18,-1.008679032,7.008679032,,0,0
H4i,CP(C1=C(NC2=C(Cl)C=NC(NC3=CC(NC(C4=CC=CC=C4C)=O)=C(N5CCC(N6CCN(C)CC6)CC5)C=C3OC)=N2)C=CC=C1)(C)=O,10000,5,"ADichloropropionamide-SubstitutedDiaminopyrimidineEGFR-TKI
OvercomesOsimertinibResistanceinNSCLCviaDualAnchoringat
Ser797andMet793",4.9,-0.25,6.25,26.34,-0.387322187,6.387322187,,0,0
H4j,CP(C1=C(NC2=C(Cl)C=NC(NC3=CC(NC(C4=CC=CC=C4Cl)=O)=C(N5CCC(N6CCN(C)CC6)CC5)C=C3OC)=N2)C=CC=C1)(C)=O,10000,5,"ADichloropropionamide-SubstitutedDiaminopyrimidineEGFR-TKI
OvercomesOsimertinibResistanceinNSCLCviaDualAnchoringat
Ser797andMet793",3.87,-0.52,6.52,17.79,-0.121807337,6.121807337,,0,0
H5a,CP(C1=C(NC2=C(Cl)C=NC(NC3=CC(NC(C4=CC=CC=N4)=O)=C(N5CCC(N6CCN(C)CC6)CC5)C=C3OC)=N2)C=CC=C1)(C)=O,10000,5,"ADichloropropionamide-SubstitutedDiaminopyrimidineEGFR-TKI
OvercomesOsimertinibResistanceinNSCLCviaDualAnchoringat
Ser797andMet793",5.47,-0.4,6.4,20.96,-1.153299809,7.153299809,,0,1
H5b,CP(C1=C(NC2=C(Cl)C=NC(NC3=CC(NC(C4=CC=CN=C4)=O)=C(N5CCC(N6CCN(C)CC6)CC5)C=C3OC)=N2)C=CC=C1)(C)=O,10000,5,"ADichloropropionamide-SubstitutedDiaminopyrimidineEGFR-TKI
OvercomesOsimertinibResistanceinNSCLCviaDualAnchoringat
Ser797andMet793",5.83,-0.4,6.4,23.06,-0.896579623,6.896579623,,0,1
H5c,CP(C1=C(NC2=C(Cl)C=NC(NC3=CC(NC(C4=CC=NC=C4)=O)=C(N5CCC(N6CCN(C)CC6)CC5)C=C3OC)=N2)C=CC=C1)(C)=O,10000,5,"ADichloropropionamide-SubstitutedDiaminopyrimidineEGFR-TKI
OvercomesOsimertinibResistanceinNSCLCviaDualAnchoringat
Ser797andMet793",3.87,-0.14,6.14,16.85,-0.99944979,6.99944979,,0,0
H5d,CP(C1=C(NC2=C(Cl)C=NC(NC3=CC(NC(C4=NC=CC=N4)=O)=C(N5CCC(N6CCN(C)CC6)CC5)C=C3OC)=N2)C=CC=C1)(C)=O,10000,5,"ADichloropropionamide-SubstitutedDiaminopyrimidineEGFR-TKI
OvercomesOsimertinibResistanceinNSCLCviaDualAnchoringat
Ser797andMet793",5.26,-0.12,6.12,8.6,-0.415731728,6.415731728,,0,1
H5e,CP(C1=C(NC2=C(Cl)C=NC(NC3=CC(NC(C4=CN=CN=C4)=O)=C(N5CCC(N6CCN(C)CC6)CC5)C=C3OC)=N2)C=CC=C1)(C)=O,10000,5,"ADichloropropionamide-SubstitutedDiaminopyrimidineEGFR-TKI
OvercomesOsimertinibResistanceinNSCLCviaDualAnchoringat
Ser797andMet793",3.62,-0.37,6.37,29.11,-0.459763587,6.459763587,,0,0
H5f,CP(C1=C(NC2=C(Cl)C=NC(NC3=CC(NC(C4=CC=NC=N4)=O)=C(N5CCC(N6CCN(C)CC6)CC5)C=C3OC)=N2)C=CC=C1)(C)=O,10000,5,"ADichloropropionamide-SubstitutedDiaminopyrimidineEGFR-TKI
OvercomesOsimertinibResistanceinNSCLCviaDualAnchoringat
Ser797andMet793",4.69,-0.03,6.03,8.75,-0.826989114,6.826989114,,0,0
H6,CP(C1=C(NC2=C(Cl)C=NC(NC3=CC(NC(C=C)=O)=C(N4CCC(N5CCN(C)CC5)CC4)C=C3OC)=N2)C=CC=C1)(C)=O,10000,5,"ADichloropropionamide-SubstitutedDiaminopyrimidineEGFR-TKI
OvercomesOsimertinibResistanceinNSCLCviaDualAnchoringat
Ser797andMet793",5.55,-0.24,6.24,14.12,-1.357420683,7.357420683,,0,1
H7a,CP(C1=C(NC2=C(Cl)C=NC(NC3=CC(NC(C4=CC=CC(S(F)(=O)=O)=C4)=O)=C(N5CCC(N6CCN(C)CC6)CC5)C=C3OC)=N2)C=CC=C1)(C)=O,10000,5,"ADichloropropionamide-SubstitutedDiaminopyrimidineEGFR-TKI
OvercomesOsimertinibResistanceinNSCLCviaDualAnchoringat
Ser797andMet793",4.83,-0.07,6.07,30.06,-1.113724351,7.113724351,,0,0
H7b,CP(C1=C(NC2=C(Cl)C=NC(NC3=CC(NC(C4=CC=C(S(=O)(F)=O)C=C4)=O)=C(N5CCC(N6CCN(C)CC6)CC5)C=C3OC)=N2)C=CC=C1)(C)=O,10000,5,"ADichloropropionamide-SubstitutedDiaminopyrimidineEGFR-TKI
OvercomesOsimertinibResistanceinNSCLCviaDualAnchoringat
Ser797andMet793",2.88,-0.6,6.6,8.38,-1.25063467,7.25063467,,0,0
H8a,CP(C1=C(NC2=C(Cl)C=NC(NC3=CC(NC(C(Cl)(Cl)Cl)=O)=C(N4CCC(N5CCN(C)CC5)CC4)C=C3OC)=N2)C=CC=C1)(C)=O,10000,5,"ADichloropropionamide-SubstitutedDiaminopyrimidineEGFR-TKI
OvercomesOsimertinibResistanceinNSCLCviaDualAnchoringat
Ser797andMet793",4.01,-0.56,6.56,18.48,-1.016457081,7.016457081,,0,0
H8b,CP(C1=C(NC2=C(Cl)C=NC(NC3=CC(NC(C(Cl)Cl)=O)=C(N4CCC(N5CCN(C)CC5)CC4)C=C3OC)=N2)C=CC=C1)(C)=O,10000,5,"ADichloropropionamide-SubstitutedDiaminopyrimidineEGFR-TKI
OvercomesOsimertinibResistanceinNSCLCviaDualAnchoringat
Ser797andMet793",4,-0.21,6.21,10.21,-0.911126971,6.911126971,,0,0
H9,CP(C1=C(NC2=C(Cl)C=NC(NC3=CC(NS(C=C)(=O)=O)=C(N4CCC(N5CCN(C)CC5)CC4)C=C3OC)=N2)C=CC=C1)(C)=O,10000,5,"ADichloropropionamide-SubstitutedDiaminopyrimidineEGFR-TKI
OvercomesOsimertinibResistanceinNSCLCviaDualAnchoringat
Ser797andMet793",5.89,-0.07,6.07,16.58,-1.115923405,7.115923405,,0,1
H10,CP(C1=C(NC2=C(Cl)C=NC(NC3=CC(NS(CCl)(=O)=O)=C(N4CCC(N5CCN(C)CC5)CC4)C=C3OC)=N2)C=CC=C1)(C)=O,10000,5,"ADichloropropionamide-SubstitutedDiaminopyrimidineEGFR-TKI
OvercomesOsimertinibResistanceinNSCLCviaDualAnchoringat
Ser797andMet793",4.22,-0.01,6.01,27.56,-0.670077741,6.670077741,,0,0
H11,CP(C1=C(NC2=C(Cl)C=NC(NC3=CC(NCCS(F)(=O)=O)=C(N4CCC(N5CCN(C)CC5)CC4)C=C3OC)=N2)C=CC=C1)(C)=O,10000,5,"ADichloropropionamide-SubstitutedDiaminopyrimidineEGFR-TKI
OvercomesOsimertinibResistanceinNSCLCviaDualAnchoringat
Ser797andMet793",3.07,-0.59,6.59,5.37,-1.073647499,7.073647499,,0,0
M3,O=C1N(C2=CN(S(=O)(C3CC3)=O)N=C2)C4=NC(NC5=CC=C(N6CCN(C)CC6)C=C5)=NC=C4N=C1,10000,5,DirectSer797InteractedPteridine-7(8H)?oneDerivativesasHighly SelectiveandOrallyAvailableEGFRL858R/T790M/C797S Inhibitors,5.48,-0.18,6.18,17.25,-0.465874702,6.465874702,,0,1
M4,CC1=NC2=CN=C(NC3=CC=C(N4CCN(C)CC4)C=C3)N=C2N(C5=CN(S(=O)(C6CC6)=O)N=C5)C1=O,10000,5,DirectSer797InteractedPteridine-7(8H)?oneDerivativesasHighly SelectiveandOrallyAvailableEGFRL858R/T790M/C797S Inhibitors,5.74,-0.54,6.54,9.16,-0.221162528,6.221162528,,0,1
M5,O=C1N(C2=CN(S(=O)(C3CC3)=O)N=C2)C4=NC(NC5=CC=C(N6CCN(C)CC6)C=C5)=NC=C4N=C1C(C)C,10000,5,DirectSer797InteractedPteridine-7(8H)?oneDerivativesasHighly SelectiveandOrallyAvailableEGFRL858R/T790M/C797S Inhibitors,5.54,-0.25,6.25,16.24,-0.339902788,6.339902788,,0,1
M7,O=C1N(C2=CN(S(=O)(C)=O)N=C2)C3=NC(NC4=CC=C(N5CCN(C)CC5)C=C4)=NC=C3N=C1C6=CC=CC=C6,10000,5,DirectSer797InteractedPteridine-7(8H)?oneDerivativesasHighly SelectiveandOrallyAvailableEGFRL858R/T790M/C797S Inhibitors,3.94,-0.3,6.3,11.96,-1.006958723,7.006958723,,0,0
M9,O=C1N(C2=CN(S(=O)(C(F)(F)F)=O)N=C2)C3=NC(NC4=CC=C(N5CCN(C)CC5)C=C4)=NC=C3N=C1C6=CC=CC=C6,10000,5,DirectSer797InteractedPteridine-7(8H)?oneDerivativesasHighly SelectiveandOrallyAvailableEGFRL858R/T790M/C797S Inhibitors,5.03,-0.33,6.33,5.71,-1.051345468,7.051345468,,0,1
M12,O=C1N(C2=C(C)N(S(C3CC3)(=O)=O)N=C2C)C4=NC(NC5=CC=C(N6CCN(C)CC6)C=C5)=NC=C4N=C1C7=C(Cl)C=CC=C7,10000,5,DirectSer797InteractedPteridine-7(8H)?oneDerivativesasHighly SelectiveandOrallyAvailableEGFRL858R/T790M/C797S Inhibitors,5.23,-0.19,6.19,19.84,-1.350319624,7.350319624,,0,1
M14,O=C1N(C2=CN(S(C3CC3)(=O)=O)N=C2C(F)(F)F)C4=NC(NC5=CC=C(N6CCN(C)CC6)C=C5)=NC=C4N=C1C7=C(Cl)C=CC=C7,10000,5,DirectSer797InteractedPteridine-7(8H)?oneDerivativesasHighly SelectiveandOrallyAvailableEGFRL858R/T790M/C797S Inhibitors,3.89,-0.19,6.19,19.16,-1.39917767,7.39917767,,0,0
M15,O=C1N(C2=CC=CC(NS(=O)(C)=O)=C2)C3=NC(NC4=CC=C(N5CCN(C)CC5)C=C4)=NC=C3N=C1C6=C(Cl)C=CC=C6,10000,5,DirectSer797InteractedPteridine-7(8H)?oneDerivativesasHighly SelectiveandOrallyAvailableEGFRL858R/T790M/C797S Inhibitors,4.19,-0.27,6.27,23.38,-1.498084068,7.498084068,,0,0
M16,O=C1N(C2CCS(CC2)(=O)=O)C3=NC(NC4=CC=C(N5CCN(C)CC5)C=C4)=NC=C3N=C1C6=C(Cl)C=CC=C6,10000,5,DirectSer797InteractedPteridine-7(8H)?oneDerivativesasHighly SelectiveandOrallyAvailableEGFRL858R/T790M/C797S Inhibitors,4.92,-0.26,6.26,16.44,-1.696187735,7.696187735,,0,0
M45,O=C1N(C2=CN(S(C3CC3)(=O)=O)N=C2OC)C4=NC(NC5=CC=C(N6CCC(N7CCN(C)CC7)CC6)C=C5)=NC=C4N=C1C8=CC=C(C#N)C=C8,10000,5,DirectSer797InteractedPteridine-7(8H)?oneDerivativesasHighly SelectiveandOrallyAvailableEGFRL858R/T790M/C797S Inhibitors,3.08,-0.22,6.22,21.42,-2.020355701,8.020355701,,0,0
M46,O=C1N(C2=CN(S(C3CC3)(=O)=O)N=C2OC)C4=NC(NC5=CC=C(N6CCC(N7CCN(C)CC7)CC6)C=C5)=NC=C4N=C1C8=CC=C(C(C)C)C=C8,10000,5,DirectSer797InteractedPteridine-7(8H)?oneDerivativesasHighly SelectiveandOrallyAvailableEGFRL858R/T790M/C797S Inhibitors,2.88,-0.58,6.58,17.74,-2.081171989,8.081171989,,0,0
C3,CN(C)CCN(C=C1)C(C1=C2)=CC=C2NC3=NC(N4C(C5=CC=C(C(F)(F)F)C=C5)=NC=C4)=CC=N3,10000,5,DiscoveryofNovelFourth-GenerationEGFRInhibitorstoOvercome C797S-MediatedResistance,5.21,-0.27,6.27,12.27,-0.587917089,6.587917089,,0,1
D7,CN1C2=C(C=CC=C2)C(C3=NC(NC4=CC([N+]([O-])=O)=CC5=C4N(CCN(C)C)N=C5)=NC=C3)=C1,10000,5,Discovery of Potent and Wild-Type-Sparing Fourth-Generation EGFR Inhibitors for Treatment of Osimertinib-Resistance NSCLC,4.2,-0.53,6.53,25.96,0.280796111,5.719203889,,0,0
D8,NC1=CC(C=NN2CCN(C)C)=C2C(NC3=NC=CC(C4=CN(C)C5=C4C=CC=C5)=N3)=C1,10000,5,Discovery of Potent and Wild-Type-Sparing Fourth-Generation EGFR Inhibitors for Treatment of Osimertinib-Resistance NSCLC,3.75,-0.1,6.1,12.34,0.12502113,5.87497887,,0,0
D9,CN1C2=C(C=CC=C2)C(C3=NC(NC4=CC(NC(C=C)=O)=CC5=C4N(CCN(C)C)N=C5)=NC=C3)=C1,10000,5,Discovery of Potent and Wild-Type-Sparing Fourth-Generation EGFR Inhibitors for Treatment of Osimertinib-Resistance NSCLC,4.87,-0.23,6.23,26.34,-0.148048788,6.148048788,,0,0
D10,CN1C2=C(C=CC=C2)C(C3=NC(NC4=CC(NC(C)=O)=CC5=C4N(CCN(C)C)N=C5)=NC=C3)=C1,10000,5,Discovery of Potent and Wild-Type-Sparing Fourth-Generation EGFR Inhibitors for Treatment of Osimertinib-Resistance NSCLC,4.2,-0.58,6.58,24.91,0.643831313,5.356168687,,0,0
D11,CN1C2=C(C=CC=C2)C(C3=NC(NC4=CC(NC(/C=C/C)=O)=CC5=C4N(CCN(C)C)N=C5)=NC=C3)=C1,10000,5,Discovery of Potent and Wild-Type-Sparing Fourth-Generation EGFR Inhibitors for Treatment of Osimertinib-Resistance NSCLC,4.57,-0.27,6.27,18.54,-0.864408851,6.864408851,,0,0
D12,CN1C2=C(C=CC=C2)C(C3=NC(NC4=CC(NC(/C=C(C)\C)=O)=CC5=C4N(CCN(C)C)N=C5)=NC=C3)=C1,10000,5,Discovery of Potent and Wild-Type-Sparing Fourth-Generation EGFR Inhibitors for Treatment of Osimertinib-Resistance NSCLC,5.87,-0.51,6.51,17.08,-0.551627517,6.551627517,,0,1
D37,CN1C2=C(C=CC=C2)C(C3=NC(NC4=CC(C=NN5CCN6CCOCC6)=C5C(Cl)=C4)=NC=C3)=C1,1963,5.7070797,Discovery of Potent and Wild-Type-Sparing Fourth-Generation EGFR Inhibitors for Treatment of Osimertinib-Resistance NSCLC,5.4070797,-1.0829203,7.0829203,15.7170797,-0.430010885,6.430010885,,1,1
D35,CN1C2=C(C=CC=C2)C(C3=NC(NC4=CC(C=NN5CCN6CCOCC6)=C5C=C4)=NC=C3)=C1,1571,5.803823815,Discovery of Potent and Wild-Type-Sparing Fourth-Generation EGFR Inhibitors for Treatment of Osimertinib-Resistance NSCLC,4.503823815,-0.096176185,6.096176185,27.91382382,-0.420141459,6.420141459,,1,0
M1,O=C1N(C2=CN(S(=O)(C3CC3)=O)N=C2)C4=NC(NC5=C(OC)C=C(N6CCN(C)CC6)C=C5)=NC=C4N=C1C7=CC=CC=C7,1143,5.94195377,DirectSer797InteractedPteridine-7(8H)?oneDerivativesasHighly SelectiveandOrallyAvailableEGFRL858R/T790M/C797S Inhibitors,4.55195377,-0.22804623,6.22804623,16.36195377,-1.426509142,7.426509142,,1,0
M8,O=C1N(C2=CN(S(=O)(CC)=O)N=C2)C3=NC(NC4=CC=C(N5CCN(C)CC5)C=C4)=NC=C3N=C1C6=CC=CC=C6,784.3,6.105517785,DirectSer797InteractedPteridine-7(8H)?oneDerivativesasHighly SelectiveandOrallyAvailableEGFRL858R/T790M/C797S Inhibitors,4.815517785,-0.934482215,6.934482215,27.48551779,-0.778506637,6.778506637,,1,0
M2,O=C1N(C2=CN(S(=O)(C3CC3)=O)N=C2)C4=NC(NC5=CC=C(N6CCN(C)CC6)C=C5)=NC=C4N=C1C7=CC=CC=C7,650.7,6.186619193,DirectSer797InteractedPteridine-7(8H)?oneDerivativesasHighly SelectiveandOrallyAvailableEGFRL858R/T790M/C797S Inhibitors,6.116619193,-0.373380807,6.373380807,27.38661919,-0.92217654,6.92217654,,1,1
M44,O=C1N(C2=CN(S(C3CC3)(=O)=O)N=C2OC)C4=NC(NC5=CC=C(N6CCC(N7CCN(C)CC7)CC6)C=C5)=NC=C4N=C1C8=CC=C(OC)C=C8,640.9,6.193209728,DirectSer797InteractedPteridine-7(8H)?oneDerivativesasHighly SelectiveandOrallyAvailableEGFRL858R/T790M/C797S Inhibitors,6.193209728,-0.946790272,6.946790272,25.75320973,-2.25899744,8.25899744,,1,1
D6,CN1C2=C(C=CC=C2)C(C3=NC(NC4=CC(C=NN5CCN(C)C)=C5C(NC(C(C)C)=O)=C4)=NC=C3)=C1,572,6.242603971,Discovery of Potent and Wild-Type-Sparing Fourth-Generation EGFR Inhibitors for Treatment of Osimertinib-Resistance NSCLC,4.592603971,-0.237396029,6.237396029,29.38260397,-1.179988861,7.179988861,,1,0
M17,O=C1N(C2CCN(S(=O)(C3CC3)=O)C2)C4=NC(NC5=CC=C(N6CCN(C)CC6)C=C5)=NC=C4N=C1C7=C(Cl)C=CC=C7,473,6.325138859,DirectSer797InteractedPteridine-7(8H)?oneDerivativesasHighly SelectiveandOrallyAvailableEGFRL858R/T790M/C797S Inhibitors,4.955138859,-0.274861141,6.274861141,18.20513886,-1.285412788,7.285412788,,1,0
D20,O=C(C=C)NC1=CC(NC2=NC=CC(C3=CN(C([2H])([2H])[2H])C4=C3C=CC=C4)=N2)=CC5=C1N(CCN(C)C)N=C5,448,6.348721986,Discovery of Potent and Wild-Type-Sparing Fourth-Generation EGFR Inhibitors for Treatment of Osimertinib-Resistance NSCLC,5.318721986,0.024926931,5.975073069,33.55872199,-0.744643748,6.744643748,,1,1
D3,CN1C2=C(C=CC=C2)C(C3=NC(NC4=CC(C=NN5CCN(C)C)=C5C(NC(/C=C(C)\C)=O)=C4)=NC=C3)=C1,378,6.4225082,Discovery of Potent and Wild-Type-Sparing Fourth-Generation EGFR Inhibitors for Treatment of Osimertinib-Resistance NSCLC,4.5025082,-0.7374918,6.7374918,17.4425082,-0.899518609,6.899518609,,1,0
D34,CN1C2=C(C=CC=C2)C(C3=NC(NC4=CC(C=NN5CCN(C)C)=C5C=C4)=NC=C3)=C1,375,6.425968732,Discovery of Potent and Wild-Type-Sparing Fourth-Generation EGFR Inhibitors for Treatment of Osimertinib-Resistance NSCLC,5.485968732,-0.274031268,6.274031268,21.57596873,-0.305311948,6.305311948,,1,1
M11,O=C1N(C2=CN(S(C3CC3)(=O)=O)N=C2C)C4=NC(NC5=CC=C(N6CCN(C)CC6)C=C5)=NC=C4N=C1C7=C(Cl)C=CC=C7,358.1,6.445995679,DirectSer797InteractedPteridine-7(8H)?oneDerivativesasHighly SelectiveandOrallyAvailableEGFRL858R/T790M/C797S Inhibitors,6.865995679,-0.084004321,6.084004321,18.73599568,-1.670923471,7.670923471,,1,1
D25,O=C(C(C)C)NC1=CC(NC2=NC=CC(C3=CN(C([2H])([2H])[2H])C4=C3C=CC=C4)=N2)=CC5=C1N(CCN(C)C)N=C5,341,6.467245621,Discovery of Potent and Wild-Type-Sparing Fourth-Generation EGFR Inhibitors for Treatment of Osimertinib-Resistance NSCLC,5.057245621,-0.492754379,6.492754379,25.63724562,-1.308137536,7.308137536,,1,1
M13,O=C1N(C2=CN(S(C3CC3)(=O)=O)N=C2C4CC4)C5=NC(NC6=CC=C(N7CCN(C)CC7)C=C6)=NC=C5N=C1C8=C(Cl)C=CC=C8,330.1,6.481354476,DirectSer797InteractedPteridine-7(8H)?oneDerivativesasHighly SelectiveandOrallyAvailableEGFRL858R/T790M/C797S Inhibitors,5.181354476,-0.708645524,6.708645524,28.96135448,-1.974655151,7.974655151,,1,1
C4,CN(C)CCN(C=C1)C(C1=C2)=CC=C2NC3=NC(N4C(C5=CC=C(OC)C=C5)=NC=C4)=CC=N3,289,6.539102157,DiscoveryofNovelFourth-GenerationEGFRInhibitorstoOvercome C797S-MediatedResistance,5.329102157,-1.050897843,7.050897843,16.72910216,-0.047384217,6.047384217,,1,1
D26,O=C(C1CC1)NC2=CC(NC3=NC=CC(C4=CN(C([2H])([2H])[2H])C5=C4C=CC=C5)=N3)=CC6=C2N(CCN(C)C)N=C6,261,6.583359493,Discovery of Potent and Wild-Type-Sparing Fourth-Generation EGFR Inhibitors for Treatment of Osimertinib-Resistance NSCLC,4.823359493,-0.546640507,6.546640507,15.25335949,-0.888719022,6.888719022,,1,0
D23,O=C(CC)NC1=CC(NC2=NC=CC(C3=CN(C([2H])([2H])[2H])C4=C3C=CC=C4)=N2)=CC5=C1N(CCN(C)C)N=C5,256,6.591760035,Discovery of Potent and Wild-Type-Sparing Fourth-Generation EGFR Inhibitors for Treatment of Osimertinib-Resistance NSCLC,5.881760035,-1.178239965,7.178239965,15.03176004,-0.597831011,6.597831011,,1,1
D21,O=C(/C=C/C)NC1=CC(NC2=NC=CC(C3=CN(C([2H])([2H])[2H])C4=C3C=CC=C4)=N2)=CC5=C1N(CCN(C)C)N=C5,249,6.603800653,Discovery of Potent and Wild-Type-Sparing Fourth-Generation EGFR Inhibitors for Treatment of Osimertinib-Resistance NSCLC,6.473800653,-0.396199347,6.396199347,15.68380065,-0.247358724,6.247358724,,1,1
M43,O=C1N(C2=CN(S(C3CC3)(=O)=O)N=C2OC)C4=NC(NC5=CC=C(N6CCC(N7CCN(C)CC7)CC6)C=C5)=NC=C4N=C1C8=CC=C(Br)C=C8,245,6.610833916,DirectSer797InteractedPteridine-7(8H)?oneDerivativesasHighly SelectiveandOrallyAvailableEGFRL858R/T790M/C797S Inhibitors,7.660833916,-0.459166084,6.459166084,27.60083392,-2.297632933,8.297632933,,1,1
D5,CN1C2=C(C=CC=C2)C(C3=NC(NC4=CC(C=NN5CCN(C)C)=C5C(NC(C)=O)=C4)=NC=C3)=C1,242,6.616184634,Discovery of Potent and Wild-Type-Sparing Fourth-Generation EGFR Inhibitors for Treatment of Osimertinib-Resistance NSCLC,4.896184634,-1.023815366,7.023815366,20.49618463,0.006249477,5.993750523,,1,0
D4,CN1C2=C(C=CC=C2)C(C3=NC(NC4=CC(C=NN5CCN(C)C)=C5C(NC(CC)=O)=C4)=NC=C3)=C1,217,6.663540266,Discovery of Potent and Wild-Type-Sparing Fourth-Generation EGFR Inhibitors for Treatment of Osimertinib-Resistance NSCLC,6.183540266,-0.486459734,6.486459734,21.83354027,-0.705738127,6.705738127,,1,1
D22,CN(C)CCN1N=CC2=C1C(NC(/C=C(C)\C)=O)=CC(NC3=NC=CC(C4=CN(C([2H])([2H])[2H])C5=C4C=CC=C5)=N3)=C2,206,6.68613278,Discovery of Potent and Wild-Type-Sparing Fourth-Generation EGFR Inhibitors for Treatment of Osimertinib-Resistance NSCLC,6.66613278,-0.41386722,6.41386722,31.37613278,-1.205493212,7.205493212,,1,1
D45,CN(C)CCN1N=CC2=C1C=CC(NC3=NC=C(OC)C(C4=CN(C)C5=C4C=CC=C5)=N3)=C2,204,6.690369833,Discovery of Potent and Wild-Type-Sparing Fourth-Generation EGFR Inhibitors for Treatment of Osimertinib-Resistance NSCLC,4.750369833,-0.389630167,6.389630167,24.94036983,0.005379796,5.994620204,,1,0
D2,CN1C2=C(C=CC=C2)C(C3=NC(NC4=CC(C=NN5CCN(C)C)=C5C(NC(/C=C/C)=O)=C4)=NC=C3)=C1,180,6.744727495,Discovery of Potent and Wild-Type-Sparing Fourth-Generation EGFR Inhibitors for Treatment of Osimertinib-Resistance NSCLC,7.574727495,-0.105272505,6.105272505,37.7547275,-0.68223083,6.68223083,,1,1
D1,CN1C2=C(C=CC=C2)C(C3=NC(NC4=CC(C=NN5CCN(C)C)=C5C(NC(C=C)=O)=C4)=NC=C3)=C1,177,6.752026734,Discovery of Potent and Wild-Type-Sparing Fourth-Generation EGFR Inhibitors for Treatment of Osimertinib-Resistance NSCLC,6.862026734,-0.247973266,6.247973266,22.35202673,-0.996780753,6.996780753,,1,1
D40,CCS(N1C2=C(C=CC=C2)C(C3=NC(NC4=CC(C=NN5CCN6CCOCC6)=C5C(Cl)=C4)=NC=C3)=C1)(=O)=O,175,6.756961951,Discovery of Potent and Wild-Type-Sparing Fourth-Generation EGFR Inhibitors for Treatment of Osimertinib-Resistance NSCLC,7.326961951,-0.683038049,6.683038049,16.70696195,-1.581805706,7.581805706,,1,1
D36,CN1C2=C(C=CC=C2)C(C3=NC(NC4=CC(C=NN5CCN(C)C)=C5C(Cl)=C4)=NC=C3)=C1,170,6.769551079,Discovery of Potent and Wild-Type-Sparing Fourth-Generation EGFR Inhibitors for Treatment of Osimertinib-Resistance NSCLC,7.509551079,-0.590448921,6.590448921,16.16955108,-0.325666964,6.325666964,,1,1
D24,CC(NC1=CC(NC2=NC=CC(C3=CN(C([2H])([2H])[2H])C4=C3C=CC=C4)=N2)=CC5=C1N(CCN(C)C)N=C5)=O,158,6.801342913,Discovery of Potent and Wild-Type-Sparing Fourth-Generation EGFR Inhibitors for Treatment of Osimertinib-Resistance NSCLC,4.581342913,-0.918657087,6.918657087,16.93134291,0.030891538,5.969108462,,1,0
M34,O=C1N(C2=CN(S(C3CC3)(=O)=O)N=C2OC)C4=NC(NC5=CC(Cl)=C(N6CCC(N7CCN(C)CC7)CC6)C(Cl)=C5)=NC=C4N=C1C8=C(Cl)C=CC=C8,151.6,6.819300799,DirectSer797InteractedPteridine-7(8H)?oneDerivativesasHighly SelectiveandOrallyAvailableEGFRL858R/T790M/C797S Inhibitors,6.059300799,-1.220699201,7.220699201,15.1893008,-2.155936241,8.155936241,,1,1
M6,O=C1N(C2=CN(S(=O)(C3CC3)=O)N=C2)C4=NC(NC5=CC=C(N6CCN(C)CC6)C=C5)=NC=C4N=C1C7=C(Cl)C=CC=C7,150.7,6.821886748,DirectSer797InteractedPteridine-7(8H)?oneDerivativesasHighly SelectiveandOrallyAvailableEGFRL858R/T790M/C797S Inhibitors,4.991886748,-0.228113252,6.228113252,31.23188675,-1.384867072,7.384867072,,1,0
M48,O=C1N(C2=CN(S(C3CC3)(=O)=O)N=C2OC)C4=NC(NC5=CC=C(N6CCC(N7CCN(C)CC7)CC6)C=C5)=NC=C4N=C1C8CCCCC8,147.5,6.83120798,DirectSer797InteractedPteridine-7(8H)?oneDerivativesasHighly SelectiveandOrallyAvailableEGFRL858R/T790M/C797S Inhibitors,5.98120798,-0.44879202,6.44879202,16.55120798,-2.245625734,8.245625734,,1,1
M38,O=C1N(C2=CN(S(C3CC3)(=O)=O)N=C2OC)C4=NC(NC5=CC(F)=C(N6CCC(N7CCN(C)CC7)CC6)N=C5)=NC=C4N=C1C8=C(Cl)C=CC=C8,131.1,6.882397308,DirectSer797InteractedPteridine-7(8H)?oneDerivativesasHighly SelectiveandOrallyAvailableEGFRL858R/T790M/C797S Inhibitors,6.312397308,-0.807602692,6.807602692,25.58239731,-2.34327507,8.34327507,,1,1
C7,FC1=CC=C(C2=NC=CN2C3=CC=NC(NC4=CC=C(N5CCN(C)CC5)C=C4OC)=N3)C=C1,127,6.896196279,DiscoveryofNovelFourth-GenerationEGFRInhibitorstoOvercome C797S-MediatedResistance,4.796196279,-0.583803721,6.583803721,13.80619628,-1.109153986,7.109153986,,1,0
M50,O=C1N(C2=CN(S(C3CC3)(=O)=O)N=C2OC)C4=NC(NC5=CC=C(N6CCC(N7CCN(C)CC7)CC6)C=C5)=NC=C4N=C1C8=NC=CC=C8,110.3,6.957424488,DirectSer797InteractedPteridine-7(8H)?oneDerivativesasHighly SelectiveandOrallyAvailableEGFRL858R/T790M/C797S Inhibitors,5.617424488,-0.572575512,6.572575512,31.21742449,-2.405405998,8.405405998,,1,1
M31,O=C1N(C2=CN(S(C3CC3)(=O)=O)N=C2OC)C4=NC(NC5=CC(C(F)(F)F)=C(N6CCC(N7CCN(C)CC7)CC6)C=C5)=NC=C4N=C1C8=C(Cl)C=CC=C8,105.2,6.97798426,DirectSer797InteractedPteridine-7(8H)?oneDerivativesasHighly SelectiveandOrallyAvailableEGFRL858R/T790M/C797S Inhibitors,5.70798426,-1.21201574,7.21201574,31.83798426,-2.510107517,8.510107517,,1,1
M42,O=C1N(C2=CN(S(C3CC3)(=O)=O)N=C2OC)C4=NC(NC5=CC=C(N6CCC(N7CCN(C)CC7)CC6)C=C5)=NC=C4N=C1C8=CC=C(F)C=C8,100.7,6.996970529,DirectSer797InteractedPteridine-7(8H)?oneDerivativesasHighly SelectiveandOrallyAvailableEGFRL858R/T790M/C797S Inhibitors,6.086970529,-1.003029471,7.003029471,21.50697053,-2.570827246,8.570827246,,1,1
D47,CN(C)CCN1N=CC2=C1C(Cl)=CC(NC3=NC=C([N+]([O-])=O)C(C4=CN(C)C5=C4C=CC=C5)=N3)=C2,100,7,Discovery of Potent and Wild-Type-Sparing Fourth-Generation EGFR Inhibitors for Treatment of Osimertinib-Resistance NSCLC,5.28,-0.63,6.63,23.37,-0.414639056,6.414639056,,1,1
D52,CN(C)CCN1C=CC2=C1C=CC(NC3=NC=C([N+]([O-])=O)C(C4=CN(C)C5=C4C=CC=C5)=N3)=C2,100,7,Discovery of Potent and Wild-Type-Sparing Fourth-Generation EGFR Inhibitors for Treatment of Osimertinib-Resistance NSCLC,3.89,-0.42,6.42,30.06,-0.231642619,6.231642619,,1,0
M39,O=C1N(C2=CN(S(C3CC3)(=O)=O)N=C2OC)C4=NC(NC5=CC=C(N6CCC(N7CCN(C)CC7)CC6)C=C5)=NC=C4N=C1C8=CC(Cl)=CC=C8,96.89,7.013721044,DirectSer797InteractedPteridine-7(8H)?oneDerivativesasHighly SelectiveandOrallyAvailableEGFRL858R/T790M/C797S Inhibitors,6.523721044,-0.516278956,6.516278956,31.66372104,-2.274574518,8.274574518,,1,1
D50,CN(C)CCN1N=CC2=C1C(Cl)=CC(NC3=NC=C(C(F)(F)F)C(C4=CN(C)C5=C4C=CC=C5)=N3)=C2,92,7.036212173,Discovery of Potent and Wild-Type-Sparing Fourth-Generation EGFR Inhibitors for Treatment of Osimertinib-Resistance NSCLC,6.056212173,-0.003787827,6.003787827,29.85621217,-0.774455786,6.774455786,,1,1
C5,CN(C)CCN(C=C1)C(C1=C2)=CC=C2NC3=NC(N4C(C5=CC=CC(F)=C5)=NC=C4)=CC=N3,90,7.045757491,DiscoveryofNovelFourth-GenerationEGFRInhibitorstoOvercome C797S-MediatedResistance,7.765757491,-0.244242509,6.244242509,28.13575749,-1.100117207,7.100117207,,1,1
C2,ClC1=CC=C(C2=NC=CN2C3=CC=NC(NC4=CC=C(N(CCN(C)C)C=C5)C5=C4)=N3)C=C1,86,7.065501549,DiscoveryofNovelFourth-GenerationEGFRInhibitorstoOvercome C797S-MediatedResistance,5.665501549,-1.224498451,7.224498451,19.78550155,-1.25496459,7.25496459,,1,1
M18,O=C1N(C2=CN(S(C3CC3)(=O)=O)N=C2OC)C4=NC(NC5=CC=C(N6CCOCC6)C=C5)=NC=C4N=C1C7=C(Cl)C=CC=C7,83.11,7.080346718,DirectSer797InteractedPteridine-7(8H)?oneDerivativesasHighly SelectiveandOrallyAvailableEGFRL858R/T790M/C797S Inhibitors,5.380346718,-0.099653282,6.099653282,30.80034672,-1.753805399,7.753805399,,1,1
C46,FC1=CC=C(C2=C(C3=CC=NC(NC4=CC=C(N5CCOCC5)C(F)=C4)=N3)SC(C6CCN(S(=O)(CC)=O)CC6)=N2)C=C1,77,7.113509275,DiscoveryofNovelFourth-GenerationEGFRInhibitorstoOvercome C797S-MediatedResistance,6.553509275,-0.356490725,6.356490725,29.67350928,-1.575146914,7.575146914,,1,1
M40,O=C1N(C2=CN(S(C3CC3)(=O)=O)N=C2OC)C4=NC(NC5=CC=C(N6CCC(N7CCN(C)CC7)CC6)C=C5)=NC=C4N=C1C8=CC=C(Cl)C=C8,73.04,7.136439235,DirectSer797InteractedPteridine-7(8H)?oneDerivativesasHighly SelectiveandOrallyAvailableEGFRL858R/T790M/C797S Inhibitors,7.906439235,-0.523560765,6.523560765,20.03643924,-2.184176683,8.184176683,,1,1
C36,FC1=CC=C(C2=C(C3=CC=NC(NC4=CC=C(N(CCN5CCOCC5)C=C6)C6=C4)=N3)SC(C7CCN(S(=O)(CC)=O)CC7)=N2)C=C1,71,7.148741651,DiscoveryofNovelFourth-GenerationEGFRInhibitorstoOvercome C797S-MediatedResistance,7.718741651,-1.131258349,7.131258349,27.71874165,-2.062952518,8.062952518,,1,1
C43,FC1=CC=C(C2=C(C3=CC=NC(NC4=CC=C(N5CCN(C)CC5)C=C4OC)=N3)SC(C6CCN(S(=O)(CC)=O)CC6)=N2)C=C1,71,7.148741651,DiscoveryofNovelFourth-GenerationEGFRInhibitorstoOvercome C797S-MediatedResistance,8.188741651,-0.441258349,6.441258349,30.98874165,-1.757143736,7.757143736,,1,1
C45,FC1=CC=C(C2=C(C3=CC=NC(NC4=CC=C(N5CCOCC5)C=C4OC)=N3)SC(C6CCN(S(=O)(CC)=O)CC6)=N2)C=C1,71,7.148741651,DiscoveryofNovelFourth-GenerationEGFRInhibitorstoOvercome C797S-MediatedResistance,5.548741651,-0.931258349,6.931258349,16.91874165,-0.793907404,6.793907404,,1,1
D44,CN(C)CCN1N=CC2=C1C=CC(NC3=NC=C(Cl)C(C4=CN(C)C5=C4C=CC=C5)=N3)=C2,71,7.148741651,Discovery of Potent and Wild-Type-Sparing Fourth-Generation EGFR Inhibitors for Treatment of Osimertinib-Resistance NSCLC,7.538741651,-1.021258349,7.021258349,30.86874165,-0.70935905,6.70935905,,1,1
C33,FC1=CC=C(C2=C(C3=CC=NC(NC4=C(OC)C=C(N5CCOCC5)C(C6=CN(C)N=C6)=C4)=N3)SC(NS(=O)(CC)=O)=N2)C=C1,70.1,7.154281982,DiscoveryofNovelFourth-GenerationEGFRInhibitorstoOvercome C797S-MediatedResistance,6.394281982,-0.365718018,6.365718018,23.99428198,-1.90318656,7.90318656,,1,1
C6,FC1=CC=C(C2=NC=CN2C3=CC=NC(NC4=CC=C(N5CCN(C)CC5)C=C4)=N3)C=C1,63,7.200659451,DiscoveryofNovelFourth-GenerationEGFRInhibitorstoOvercome C797S-MediatedResistance,5.990659451,-0.289340549,6.289340549,33.01065945,-1.156126261,7.156126261,,1,1
D32,CCS(N1C2=CC=CC=C2C(C3=NC(NC4=CC(C=NN5CCN(CC)CC)=C5C(NC(C(C)C)=O)=C4)=NC=C3)=C1)(=O)=O,60,7.22184875,Discovery of Potent and Wild-Type-Sparing Fourth-Generation EGFR Inhibitors for Treatment of Osimertinib-Resistance NSCLC,8.33184875,-0.99815125,6.99815125,33.63184875,-1.116955161,7.116955161,,1,1
M36,O=C1N(C2=CN(S(C3CC3)(=O)=O)N=C2OC)C4=NC(NC5=CC=C(N6CCC(N7CCN(C)CC7)CC6)N=C5)=NC=C4N=C1C8=C(Cl)C=CC=C8,59.8,7.223298816,DirectSer797InteractedPteridine-7(8H)?oneDerivativesasHighly SelectiveandOrallyAvailableEGFRL858R/T790M/C797S Inhibitors,6.813298816,-0.856701184,6.856701184,29.94329882,-2.641029358,8.641029358,,1,1
C44,FC1=CC=C(C2=C(C3=CC=NC(NC4=CC=C(N5CCOCC5)C=C4)=N3)SC(C6CCN(S(=O)(CC)=O)CC6)=N2)C=C1,58,7.236572006,DiscoveryofNovelFourth-GenerationEGFRInhibitorstoOvercome C797S-MediatedResistance,5.986572006,-1.393427994,7.393427994,27.66657201,-1.262428284,7.262428284,,1,1
D39,CCS(N1C2=C(C=CC=C2)C(C3=NC(NC4=CC(C=NN5CCN6CCOCC6)=C5C=C4)=NC=C3)=C1)(=O)=O,56,7.251811973,Discovery of Potent and Wild-Type-Sparing Fourth-Generation EGFR Inhibitors for Treatment of Osimertinib-Resistance NSCLC,6.841811973,-0.008188027,6.008188027,17.27181197,-1.361849308,7.361849308,,1,1
C40,FC1=CC=C(C2=C(C3=CC=NC(NC4=CC=C(N5CCN(C(C)C)CC5)C=C4)=N3)SC(C6CCN(S(=O)(CC)=O)CC6)=N2)C=C1,49,7.30980392,DiscoveryofNovelFourth-GenerationEGFRInhibitorstoOvercome C797S-MediatedResistance,4.70980392,-0.56019608,6.56019608,19.51980392,-1.534500599,7.534500599,,1,0
M21,O=C1N(C2=CN(S(C3CC3)(=O)=O)N=C2OC)C4=NC(NC5=CC(Br)=C(N6CCN(C)CC6)C=C5)=NC=C4N=C1C7=C(Cl)C=CC=C7,46.28,7.33460665,DirectSer797InteractedPteridine-7(8H)?oneDerivativesasHighly SelectiveandOrallyAvailableEGFRL858R/T790M/C797S Inhibitors,8.08460665,-1.19539335,7.19539335,29.03460665,-2.136190891,8.136190891,,1,1
D27,CCS(N1C2=CC=CC=C2C(C3=NC(NC4=CC(C=NN5CCN(CC)CC)=C5C(NC(C=C)=O)=C4)=NC=C3)=C1)(=O)=O,42,7.37675071,Discovery of Potent and Wild-Type-Sparing Fourth-Generation EGFR Inhibitors for Treatment of Osimertinib-Resistance NSCLC,5.15675071,-0.26324929,6.26324929,17.27675071,-1.248933792,7.248933792,,1,1
D43,CCS(N1C2=CC=CC=C2C(C3=NC(NC4=CC(C=NN5CC(N(C)C)=O)=C5C=C4)=NC=C3)=C1)(=O)=O,38,7.420216403,Discovery of Potent and Wild-Type-Sparing Fourth-Generation EGFR Inhibitors for Treatment of Osimertinib-Resistance NSCLC,8.100216403,-1.399783597,7.399783597,39.0302164,-0.637227893,6.637227893,,1,1
D18,O=C(C(C)C)NC1=CC(NC2=NC=CC(C3=CN(S(CC)(=O)=O)C4=C3C=CC=C4)=N2)=CC5=C1N(CC)N=C5,37,7.431798276,Discovery of Potent and Wild-Type-Sparing Fourth-Generation EGFR Inhibitors for Treatment of Osimertinib-Resistance NSCLC,5.581798276,-1.208201724,7.208201724,20.85179828,-0.672881007,6.672881007,,1,1
C42,FC1=CC=C(C2=C(C3=CC=NC(NC4=CC=C(N5CCN(C)CC5)C(C)=C4)=N3)SC(C6CCN(S(=O)(CC)=O)CC6)=N2)C=C1,36,7.443697499,DiscoveryofNovelFourth-GenerationEGFRInhibitorstoOvercome C797S-MediatedResistance,7.753697499,-0.276302501,6.276302501,32.2936975,-1.965394974,7.965394974,,1,1
C35,FC1=CC=C(C2=C(C3=CC=NC(NC4=CC=C(N(CCN(CC)CC)C=C5)C5=C4)=N3)SC(C6CCN(S(=O)(CC)=O)CC6)=N2)C=C1,34,7.468521083,DiscoveryofNovelFourth-GenerationEGFRInhibitorstoOvercome C797S-MediatedResistance,6.768521083,-0.461478917,6.461478917,24.31852108,-1.809337854,7.809337854,,1,1
M20,O=C1N(C2=CN(S(C3CC3)(=O)=O)N=C2OC)C4=NC(NC5=CC=C(N(C)CCN(C)C)C=C5)=NC=C4N=C1C6=C(Cl)C=CC=C6,33.32,7.477295007,DirectSer797InteractedPteridine-7(8H)?oneDerivativesasHighly SelectiveandOrallyAvailableEGFRL858R/T790M/C797S Inhibitors,5.707295007,-0.202704993,6.202704993,28.91729501,-1.964533091,7.964533091,,1,1
D13,O=C(C=C)NC1=CC(NC2=NC=CC(C3=CN(S(CC)(=O)=O)C4=C3C=CC=C4)=N2)=CC5=C1N(CCN(C)C)N=C5,31,7.508638306,Discovery of Potent and Wild-Type-Sparing Fourth-Generation EGFR Inhibitors for Treatment of Osimertinib-Resistance NSCLC,6.798638306,-0.501361694,6.501361694,26.80863831,-0.855322719,6.855322719,,1,1
D53,CN(C)CCN1C=CC2=C1C(N)=CC(NC3=NC=CC(C4=CNC5=C4C=CC=C5)=N3)=C2,30,7.522878745,Discovery of Potent and Wild-Type-Sparing Fourth-Generation EGFR Inhibitors for Treatment of Osimertinib-Resistance NSCLC,5.472878745,-0.147121255,6.147121255,24.93287875,-1.313863516,7.313863516,,1,1
D15,CN(C)CCN1N=CC2=C1C(NC(/C=C(C)\C)=O)=CC(NC3=NC=CC(C4=CN(S(CC)(=O)=O)C5=C4C=CC=C5)=N3)=C2,29,7.537602002,Discovery of Potent and Wild-Type-Sparing Fourth-Generation EGFR Inhibitors for Treatment of Osimertinib-Resistance NSCLC,8.227602002,-0.762397998,6.762397998,19.857602,-1.339364052,7.339364052,,1,1
C8,FC1=CC=C(C2=NC=CN2C3=CC=NC(NC4=CC(C)=C(N5CCC(N6CCN(C)CC6)CC5)C=C4OC)=N3)C=C1,28,7.552841969,DiscoveryofNovelFourth-GenerationEGFRInhibitorstoOvercome C797S-MediatedResistance,5.692841969,-1.407158031,7.407158031,10.22284197,-2.355449915,8.355449915,,1,1
M47,O=C1N(C2=CN(S(C3CC3)(=O)=O)N=C2OC)C4=NC(NC5=CC=C(N6CCC(N7CCN(C)CC7)CC6)C=C5)=NC=C4N=C1C8=C(F)C=CC=C8,27.49,7.56082526,DirectSer797InteractedPteridine-7(8H)?oneDerivativesasHighly SelectiveandOrallyAvailableEGFRL858R/T790M/C797S Inhibitors,5.77082526,-1.27917474,7.27917474,11.83082526,-2.424879551,8.424879551,,1,1
D16,O=C(CC)NC1=CC(NC2=NC=CC(C3=CN(S(CC)(=O)=O)C4=C3C=CC=C4)=N2)=CC5=C1N(CCN(C)C)N=C5,27,7.568636236,Discovery of Potent and Wild-Type-Sparing Fourth-Generation EGFR Inhibitors for Treatment of Osimertinib-Resistance NSCLC,4.428636236,-1.141363764,7.141363764,22.51863624,-0.834192395,6.834192395,,1,0
M37,O=C1N(C2=CN(S(C3CC3)(=O)=O)N=C2OC)C4=NC(NC5=CC(C)=C(N6CCC(N7CCN(C)CC7)CC6)N=C5)=NC=C4N=C1C8=C(Cl)C=CC=C8,26.87,7.570732334,DirectSer797InteractedPteridine-7(8H)?oneDerivativesasHighly SelectiveandOrallyAvailableEGFRL858R/T790M/C797S Inhibitors,8.140732334,-0.809267666,6.809267666,22.40073233,-2.771887064,8.771887064,,1,1
C13,FC1=CC=C(C2=C(C3=CC=NC(NC4=CC=C(N(CCN(C)C)C=C5)C5=C4)=N3)SC(N6CCOCC6)=N2)C=C1,26,7.585026652,DiscoveryofNovelFourth-GenerationEGFRInhibitorstoOvercome C797S-MediatedResistance,6.605026652,-0.514973348,6.514973348,24.38502665,-1.860817671,7.860817671,,1,1
C39,FC1=CC=C(C2=C(C3=CC=NC(NC4=CC=C(N5CCN(CC)CC5)C=C4)=N3)SC(C6CCN(S(=O)(CC)=O)CC6)=N2)C=C1,26,7.585026652,DiscoveryofNovelFourth-GenerationEGFRInhibitorstoOvercome C797S-MediatedResistance,6.295026652,-0.514973348,6.514973348,32.03502665,-2.075060368,8.075060368,,1,1
D33,CCS(N1C2=CC=CC=C2C(C3=NC(NC4=CC(C=NN5CCN(CC)CC)=C5C(NC(C6CC6)=O)=C4)=NC=C3)=C1)(=O)=O,26,7.585026652,Discovery of Potent and Wild-Type-Sparing Fourth-Generation EGFR Inhibitors for Treatment of Osimertinib-Resistance NSCLC,4.165026652,-1.354973348,7.354973348,27.66502665,-1.523876548,7.523876548,,1,0
M41,O=C1N(C2=CN(S(C3CC3)(=O)=O)N=C2OC)C4=NC(NC5=CC=C(N6CCC(N7CCN(C)CC7)CC6)C=C5)=NC=C4N=C1C8=C(Cl)C=C(Cl)C=C8,25.3,7.596879479,DirectSer797InteractedPteridine-7(8H)?oneDerivativesasHighly SelectiveandOrallyAvailableEGFRL858R/T790M/C797S Inhibitors,8.366879479,-0.713120521,6.713120521,15.24687948,-2.75333786,8.75333786,,1,1
D42,CCS(N1C2=CC=CC=C2C(C3=NC(NC4=CC(C=NN5CCN(CC)CC)=C5C(Cl)=C4)=NC=C3)=C1)(=O)=O,24,7.619788758,Discovery of Potent and Wild-Type-Sparing Fourth-Generation EGFR Inhibitors for Treatment of Osimertinib-Resistance NSCLC,6.229788758,-0.450211242,6.450211242,21.34978876,-1.598131657,7.598131657,,1,1
D29,CCS(N1C2=CC=CC=C2C(C3=NC(NC4=CC(C=NN5CCN(CC)CC)=C5C(NC(/C=C(C)/C)=O)=C4)=NC=C3)=C1)(=O)=O,23,7.638272164,Discovery of Potent and Wild-Type-Sparing Fourth-Generation EGFR Inhibitors for Treatment of Osimertinib-Resistance NSCLC,7.018272164,-0.401727836,6.401727836,29.32827216,-1.190750003,7.190750003,,1,1
D14,O=C(/C=C/C)NC1=CC(NC2=NC=CC(C3=CN(S(CC)(=O)=O)C4=C3C=CC=C4)=N2)=CC5=C1N(CCN(C)C)N=C5,22,7.657577319,Discovery of Potent and Wild-Type-Sparing Fourth-Generation EGFR Inhibitors for Treatment of Osimertinib-Resistance NSCLC,3.937577319,-0.182422681,6.182422681,35.69757732,-1.076714039,7.076714039,,1,0
D30,CCS(N1C2=CC=CC=C2C(C3=NC(NC4=CC(C=NN5CCN(CC)CC)=C5C(NC(CC)=O)=C4)=NC=C3)=C1)(=O)=O,21,7.677780705,Discovery of Potent and Wild-Type-Sparing Fourth-Generation EGFR Inhibitors for Treatment of Osimertinib-Resistance NSCLC,2.657780705,-0.282219295,6.282219295,12.56778071,-1.344062924,7.344062924,,1,0
C12,FC1=CC=C(C2=C(C3=CC=NC(NC4=CC=C(N(CCN(C)C)C=C5)C5=C4)=N3)SC(C(C)C)=N2)C=C1,20,7.698970004,DiscoveryofNovelFourth-GenerationEGFRInhibitorstoOvercome C797S-MediatedResistance,7.248970004,-0.481029996,6.481029996,34.59897,-2.380861521,8.380861521,,1,1
C20,FC1=CC=C(C2=C(C3=CC=NC(NC4=CC=C(N(CCN(C)C)C=C5)C5=C4)=N3)SC(NS(=O)(C6CCCCC6)=O)=N2)C=C1,20,7.698970004,DiscoveryofNovelFourth-GenerationEGFRInhibitorstoOvercome C797S-MediatedResistance,7.788970004,-0.381029996,6.381029996,22.59897,-1.922164917,7.922164917,,1,1
C10,FC1=CC=C(C2=C(C3=CC=NC(NC4=CC=C(N(CCN(C)C)C=C5)C5=C4)=N3)SC(NC)=N2)C=C1,19,7.721246399,DiscoveryofNovelFourth-GenerationEGFRInhibitorstoOvercome C797S-MediatedResistance,8.801246399,-1.448753601,7.448753601,39.0212464,-1.933360338,7.933360338,,1,1
D28,CCS(N1C2=CC=CC=C2C(C3=NC(NC4=CC(C=NN5CCN(CC)CC)=C5C(NC(/C=C/C)=O)=C4)=NC=C3)=C1)(=O)=O,19,7.721246399,Discovery of Potent and Wild-Type-Sparing Fourth-Generation EGFR Inhibitors for Treatment of Osimertinib-Resistance NSCLC,4.041246399,-0.098753601,6.098753601,8.611246399,-1.323581457,7.323581457,,1,0
M49,O=C1N(C2=CN(S(C3CC3)(=O)=O)N=C2OC)C4=NC(NC5=CC=C(N6CCC(N7CCN(C)CC7)CC6)C=C5)=NC=C4N=C1C8=CC=CS8,18.94,7.722620025,DirectSer797InteractedPteridine-7(8H)?oneDerivativesasHighly SelectiveandOrallyAvailableEGFRL858R/T790M/C797S Inhibitors,7.022620025,-1.437379975,7.437379975,8.542620025,-2.785776854,8.785776854,,1,1
C38,FC1=CC=C(C2=C(C3=CC=NC(NC4=CC=C(N5CCN(C)CC5)C=C4)=N3)SC(C6CCN(S(=O)(CC)=O)CC6)=N2)C=C1,18,7.744727495,DiscoveryofNovelFourth-GenerationEGFRInhibitorstoOvercome C797S-MediatedResistance,4.704727495,-0.725272505,6.725272505,25.2947275,-1.431837082,7.431837082,,1,0
D19,O=C(C1CC1)NC2=CC(NC3=NC=CC(C4=CN(S(CC)(=O)=O)C5=C4C=CC=C5)=N3)=CC6=C2N(CCN(C)C)N=C6,18,7.744727495,Discovery of Potent and Wild-Type-Sparing Fourth-Generation EGFR Inhibitors for Treatment of Osimertinib-Resistance NSCLC,7.764727495,-0.785272505,6.785272505,17.1047275,-0.991974175,6.991974175,,1,1
M33,O=C1N(C2=CN(S(C3CC3)(=O)=O)N=C2OC)C4=NC(NC5=C(Cl)C=C(N6CCC(N7CCN(C)CC7)CC6)C=C5)=NC=C4N=C1C8=C(Cl)C=CC=C8,17.73,7.751291264,DirectSer797InteractedPteridine-7(8H)?oneDerivativesasHighly SelectiveandOrallyAvailableEGFRL858R/T790M/C797S Inhibitors,6.191291264,-1.058708736,7.058708736,24.06129126,-2.680085897,8.680085897,,1,1
C1,FC1=CC=C(C2=NC=CN2C3=CC=NC(NC4=CC=C(N(CCN(C)C)C=C5)C5=C4)=N3)C=C1,17,7.769551079,DiscoveryofNovelFourth-GenerationEGFRInhibitorstoOvercome C797S-MediatedResistance,7.419551079,-0.070448921,6.070448921,37.45955108,-1.368561506,7.368561506,,1,1
M32,O=C1N(C2=CN(S(C3CC3)(=O)=O)N=C2OC)C4=NC(NC5=CC(C(F)F)=C(N6CCC(N7CCN(C)CC7)CC6)C=C5)=NC=C4N=C1C8=C(Cl)C=CC=C8,16.16,7.791558644,DirectSer797InteractedPteridine-7(8H)?oneDerivativesasHighly SelectiveandOrallyAvailableEGFRL858R/T790M/C797S Inhibitors,5.891558644,-0.138441356,6.138441356,12.93155864,-2.741717815,8.741717815,,1,1
C19,FC1=CC=C(C2=C(C3=CC=NC(NC4=CC=C(N(CCN(C)C)C=C5)C5=C4)=N3)SC(NS(=O)(C6=CC=C(F)C=C6)=O)=N2)C=C1,15,7.823908741,DiscoveryofNovelFourth-GenerationEGFRInhibitorstoOvercome C797S-MediatedResistance,8.413908741,-1.356091259,7.356091259,40.02390874,-2.156120062,8.156120062,,1,1
C41,FC1=CC=C(C2=C(C3=CC=NC(NC4=CC=C(C5CCN(C)CC5)C=C4)=N3)SC(C6CCN(S(=O)(CC)=O)CC6)=N2)C=C1,15,7.823908741,DiscoveryofNovelFourth-GenerationEGFRInhibitorstoOvercome C797S-MediatedResistance,8.123908741,-1.386091259,7.386091259,31.75390874,-1.330503225,7.330503225,,1,1
M10,O=C1N(C2=CN(S(C3CC3)(=O)=O)N=C2OC)C4=NC(NC5=CC=C(N6CCN(C)CC6)C=C5)=NC=C4N=C1C7=C(Cl)C=CC=C7,14.19,7.848017605,DirectSer797InteractedPteridine-7(8H)?oneDerivativesasHighly SelectiveandOrallyAvailableEGFRL858R/T790M/C797S Inhibitors,3.538017605,-0.841982395,6.841982395,22.37801761,-2.383761883,8.383761883,,1,0
M30,O=C1N(C2=CN(S(C3CC3)(=O)=O)N=C2OC)C4=NC(NC5=CC(F)=C(N6CCC(N7CCN(C)CC7)CC6)C=C5)=NC=C4N=C1C8=C(Cl)C=CC=C8,14.05,7.852323676,DirectSer797InteractedPteridine-7(8H)?oneDerivativesasHighly SelectiveandOrallyAvailableEGFRL858R/T790M/C797S Inhibitors,8.782323676,-0.527676324,6.527676324,30.08232368,-2.884272337,8.884272337,,1,1
D51,CN(C)CCN1C=CC2=C1C=CC(NC3=NC=C(C(F)(F)F)C(C4=CN(S(CC)(=O)=O)C5=C4C=CC=C5)=N3)=C2,14,7.853871964,Discovery of Potent and Wild-Type-Sparing Fourth-Generation EGFR Inhibitors for Treatment of Osimertinib-Resistance NSCLC,4.913871964,-1.346128036,7.346128036,20.63387196,-1.780290365,7.780290365,,1,0
M23,O=C1N(C2=CN(S(C3CC3)(=O)=O)N=C2OC)C4=NC(NC5=CC(CC)=C(N6CCN(C)CC6)C=C5)=NC=C4N=C1C7=C(Cl)C=CC=C7,13.85,7.858550227,DirectSer797InteractedPteridine-7(8H)?oneDerivativesasHighly SelectiveandOrallyAvailableEGFRL858R/T790M/C797S Inhibitors,8.278550227,-0.911449773,6.911449773,18.38855023,-1.831885815,7.831885815,,1,1
M19,O=C1N(C2=CN(S(C3CC3)(=O)=O)N=C2OC)C4=NC(NC5=CC=C(N6CCN(CC)CC6)C=C5)=NC=C4N=C1C7=C(Cl)C=CC=C7,13.68,7.863913903,DirectSer797InteractedPteridine-7(8H)?oneDerivativesasHighly SelectiveandOrallyAvailableEGFRL858R/T790M/C797S Inhibitors,6.533913903,-1.146086097,7.146086097,25.1639139,-1.951887369,7.951887369,,1,1
M35,O=C1N(C2=CN(S(C3CC3)(=O)=O)N=C2OC)C4=NC(NC5=CC(Cl)=C(N6CCC(N7CCN(C)CC7)CC6)C=C5Cl)=NC=C4N=C1C8=C(Cl)C=CC=C8,13.12,7.882066165,DirectSer797InteractedPteridine-7(8H)?oneDerivativesasHighly SelectiveandOrallyAvailableEGFRL858R/T790M/C797S Inhibitors,7.492066165,-1.217933835,7.217933835,15.51206617,-2.680104494,8.680104494,,1,1
D31,CCS(N1C2=CC=CC=C2C(C3=NC(NC4=CC(C=NN5CCN(CC)CC)=C5C(NC(C)=O)=C4)=NC=C3)=C1)(=O)=O,13,7.886056648,Discovery of Potent and Wild-Type-Sparing Fourth-Generation EGFR Inhibitors for Treatment of Osimertinib-Resistance NSCLC,8.746056648,-0.863943352,6.863943352,16.26605665,-1.45946002,7.45946002,,1,1
C11,FC1=CC=C(C2=C(C3=CC=NC(NC4=CC=C(N(CCN(C)C)C=C5)C5=C4)=N3)SC(C)=N2)C=C1,11,7.958607315,DiscoveryofNovelFourth-GenerationEGFRInhibitorstoOvercome C797S-MediatedResistance,8.538607315,-0.891392685,6.891392685,32.86860732,-2.202905178,8.202905178,,1,1
D17,CC(NC1=CC(NC2=NC=CC(C3=CN(S(CC)(=O)=O)C4=C3C=CC=C4)=N2)=CC5=C1N(CCN(C)C)N=C5)=O,11,7.958607315,Discovery of Potent and Wild-Type-Sparing Fourth-Generation EGFR Inhibitors for Treatment of Osimertinib-Resistance NSCLC,8.778607315,-0.661392685,6.661392685,14.48860732,-1.04815495,7.04815495,,1,1
D41,CCS(N1C2=CC=CC=C2C(C3=NC(NC4=CC(C=NN5CCN(CC)CC)=C5C=C4)=NC=C3)=C1)(=O)=O,11,7.958607315,Discovery of Potent and Wild-Type-Sparing Fourth-Generation EGFR Inhibitors for Treatment of Osimertinib-Resistance NSCLC,7.078607315,-1.381392685,7.381392685,22.92860732,-1.490743399,7.490743399,,1,1
C29,CC(C=C1NC2=NC(C(SC(NS(=O)(CC)=O)=N3)=C3C4=CC=C(F)C=C4)=CC=N2)=C(C=C1OC)N5CCC(CC5)N6CCN(CC6)C,10,8,DiscoveryofNovelFourth-GenerationEGFRInhibitorstoOvercome C797S-MediatedResistance,5.83,-0.5,6.5,25.67,-2.991425276,8.991425276,,1,1
M24,O=C1N(C2=CN(S(C3CC3)(=O)=O)N=C2OC)C4=NC(NC5=CC=C(N6CCC(N(C)C)CC6)C=C5)=NC=C4N=C1C7=C(Cl)C=CC=C7,9.33,8.030118356,DirectSer797InteractedPteridine-7(8H)?oneDerivativesasHighly SelectiveandOrallyAvailableEGFRL858R/T790M/C797S Inhibitors,6.390118356,-0.089881644,6.089881644,15.64011836,-2.525393009,8.525393009,,1,1
M29,O=C1N(C2=CN(S(C3CC3)(=O)=O)N=C2OC)C4=NC(NC5=CC(Cl)=C(N6CCC(N7CCN(C)CC7)CC6)C=C5)=NC=C4N=C1C8=C(Cl)C=CC=C8,9.178,8.037251947,DirectSer797InteractedPteridine-7(8H)?oneDerivativesasHighly SelectiveandOrallyAvailableEGFRL858R/T790M/C797S Inhibitors,8.567251947,-0.722748053,6.722748053,26.32725195,-2.510115862,8.510115862,,1,1
M28,O=C1N(C2=CN(S(C3CC3)(=O)=O)N=C2OC)C4=NC(NC5=CC(OC)=C(N6CCC(N7CCN(C)CC7)CC6)C=C5)=NC=C4N=C1C8=C(Cl)C=CC=C8,8.599,8.065552051,DirectSer797InteractedPteridine-7(8H)?oneDerivativesasHighly SelectiveandOrallyAvailableEGFRL858R/T790M/C797S Inhibitors,8.235552051,-1.104447949,7.104447949,32.68555205,-2.917943478,8.917943478,,1,1
C31,FC1=CC=C(C2=C(C3=CC=NC(NC4=CC=C(N5CCOCC5)C=C4OC)=N3)SC(NS(=O)(CC)=O)=N2)C=C1,8.5,8.070581074,DiscoveryofNovelFourth-GenerationEGFRInhibitorstoOvercome C797S-MediatedResistance,8.190581074,-0.849418926,6.849418926,19.41058107,-1.737557888,7.737557888,,1,1
C37,FC1=CC=C(C2=C(C3=CC=NC(NC4=CC=C(N5CCNCC5)C=C4)=N3)SC(C6CCN(S(=O)(CC)=O)CC6)=N2)C=C1,7.9,8.102372909,DiscoveryofNovelFourth-GenerationEGFRInhibitorstoOvercome C797S-MediatedResistance,8.782372909,-1.057627091,7.057627091,37.05237291,-1.495357752,7.495357752,,1,1
D38,CN(C)CCN1N=CC2=C1C=CC(NC3=NC=CC(C4=CN(S(CC)(=O)=O)C5=C4C=CC=C5)=N3)=C2,7.6,8.119186408,Discovery of Potent and Wild-Type-Sparing Fourth-Generation EGFR Inhibitors for Treatment of Osimertinib-Resistance NSCLC,6.059186408,-0.660813592,6.660813592,19.75918641,-1.009174824,7.009174824,,1,1
M22,O=C1N(C2=CN(S(C3CC3)(=O)=O)N=C2OC)C4=NC(NC5=CC(C)=C(N6CCN(C)CC6)C=C5)=NC=C4N=C1C7=C(Cl)C=CC=C7,7.145,8.145997767,DirectSer797InteractedPteridine-7(8H)?oneDerivativesasHighly SelectiveandOrallyAvailableEGFRL858R/T790M/C797S Inhibitors,8.685997767,-1.214002233,7.214002233,24.03599777,-2.127825022,8.127825022,,1,1
M25,O=C1N(C2=CN(S(C3CC3)(=O)=O)N=C2OC)C4=NC(NC5=CC=C(N6CCC(N7CCN(C)CC7)CC6)C=C5)=NC=C4N=C1C8=C(Cl)C=CC=C8,6.77,8.169411331,DirectSer797InteractedPteridine-7(8H)?oneDerivativesasHighly SelectiveandOrallyAvailableEGFRL858R/T790M/C797S Inhibitors,7.279411331,-0.480588669,6.480588669,16.79941133,-2.525639534,8.525639534,,1,1
C22,FC1=CC=C(C2=C(C3=CC=NC(NC4=CC=C(N(CCN5CCOCC5)C=C6)C6=C4)=N3)SC(NS(=O)(CC)=O)=N2)C=C1,6.3,8.200659451,DiscoveryofNovelFourth-GenerationEGFRInhibitorstoOvercome C797S-MediatedResistance,9.130659451,-0.189340549,6.189340549,25.94065945,-2.24529171,8.24529171,,1,1
H2,NC1=C(N2CCC(N3CCN(C)CC3)CC2)C=C(OC)C(NC4=NC(NC5=C(P(C)(C)=O)C=CC=C5)=C(Cl)C=N4)=C1,5.85,8.232844134,"ADichloropropionamide-SubstitutedDiaminopyrimidineEGFR-TKI
OvercomesOsimertinibResistanceinNSCLCviaDualAnchoringat
Ser797andMet793",9.202844134,-0.357155866,6.357155866,28.84284413,-2.369096756,8.369096756,,1,1
M27,O=C1N(C2=CN(S(C3CC3)(=O)=O)N=C2OC)C4=NC(NC5=CC(CC)=C(N6CCC(N7CCN(C)CC7)CC6)C=C5)=NC=C4N=C1C8=C(Cl)C=CC=C8,5.827,8.234554982,DirectSer797InteractedPteridine-7(8H)?oneDerivativesasHighly SelectiveandOrallyAvailableEGFRL858R/T790M/C797S Inhibitors,8.464554982,-0.235445018,6.235445018,22.72455498,-2.674129486,8.674129486,,1,1
H4g,CP(C1=C(NC2=C(Cl)C=NC(NC3=CC(NC(C4=CC=CC(Cl)=C4)=O)=C(N5CCC(N6CCN(C)CC6)CC5)C=C3OC)=N2)C=CC=C1)(C)=O,5.55,8.255707017,"ADichloropropionamide-SubstitutedDiaminopyrimidineEGFR-TKI
OvercomesOsimertinibResistanceinNSCLCviaDualAnchoringat
Ser797andMet793",6.905707017,-0.234292983,6.234292983,40.22570702,-0.623027325,6.623027325,,1,1
C34,FC1=CC=C(C2=C(C3=CC=NC(NC4=CC=C(N(CCN(C)C)C=C5)C5=C4)=N3)SC(C6CCN(S(=O)(CC)=O)CC6)=N2)C=C1,5.1,8.292429824,DiscoveryofNovelFourth-GenerationEGFRInhibitorstoOvercome C797S-MediatedResistance,6.192429824,-1.017570176,7.017570176,26.11242982,-2.076899529,8.076899529,,1,1
D46,CN(C)CCN1N=CC2=C1C=CC(NC3=NC=C(Cl)C(C4=CN(S(CC)(=O)=O)C5=C4C=CC=C5)=N3)=C2,4.6,8.337242168,Discovery of Potent and Wild-Type-Sparing Fourth-Generation EGFR Inhibitors for Treatment of Osimertinib-Resistance NSCLC,6.117242168,-0.822757832,6.822757832,22.23724217,-1.769494534,7.769494534,,1,1
C18,FC1=CC=C(C2=C(C3=CC=NC(NC4=CC=C(N(CCN(C)C)C=C5)C5=C4)=N3)SC(NS(=O)(CCCC)=O)=N2)C=C1,4.3,8.366531544,DiscoveryofNovelFourth-GenerationEGFRInhibitorstoOvercome C797S-MediatedResistance,9.426531544,-0.353468456,6.353468456,20.23653154,-2.357084274,8.357084274,,1,1
C21,FC1=CC=C(C2=C(C3=CC=NC(NC4=CC=C(N(CCN(CC)CC)C=C5)C5=C4)=N3)SC(NS(=O)(CC)=O)=N2)C=C1,4.1,8.387216143,DiscoveryofNovelFourth-GenerationEGFRInhibitorstoOvercome C797S-MediatedResistance,6.627216143,-0.332783857,6.332783857,33.85721614,-2.229833126,8.229833126,,1,1
C32,FC1=CC=C(C2=C(C3=CC=NC(NC4=CC=C(N5CCOCC5)C(F)=C4)=N3)SC(NS(=O)(CC)=O)=N2)C=C1,4.1,8.387216143,DiscoveryofNovelFourth-GenerationEGFRInhibitorstoOvercome C797S-MediatedResistance,6.757216143,-1.202783857,7.202783857,25.13721614,-1.920044184,7.920044184,,1,1
C25,FC1=CC=C(C2=C(C3=CC=NC(NC4=CC=C(N5CCN(C(C)C)CC5)C=C4)=N3)SC(NS(=O)(CC)=O)=N2)C=C1,3.7,8.431798276,DiscoveryofNovelFourth-GenerationEGFRInhibitorstoOvercome C797S-MediatedResistance,8.471798276,-0.648201724,6.648201724,20.16179828,-2.19293499,8.19293499,,1,1
C30,FC1=CC=C(C2=C(C3=CC=NC(NC4=CC=C(N5CCOCC5)C=C4)=N3)SC(NS(=O)(CC)=O)=N2)C=C1,3.7,8.431798276,DiscoveryofNovelFourth-GenerationEGFRInhibitorstoOvercome C797S-MediatedResistance,8.681798276,-0.878201724,6.878201724,10.98179828,-1.526094437,7.526094437,,1,1
C27,FC1=CC=C(C2=C(C3=CC=NC(NC4=CC=C(N5CCN(C)CC5)C(C)=C4)=N3)SC(NS(=O)(CC)=O)=N2)C=C1,3.6,8.443697499,DiscoveryofNovelFourth-GenerationEGFRInhibitorstoOvercome C797S-MediatedResistance,6.273697499,-1.476302501,7.476302501,19.2436975,-2.487503052,8.487503052,,1,1
C17,FC1=CC=C(C2=C(C3=CC=NC(NC4=CC=C(N(CCN(C)C)C=C5)C5=C4)=N3)SC(NS(=O)(C(C)C)=O)=N2)C=C1,3.4,8.468521083,DiscoveryofNovelFourth-GenerationEGFRInhibitorstoOvercome C797S-MediatedResistance,8.908521083,-1.571478917,7.571478917,23.65852108,-2.502907276,8.502907276,,1,1
C14,FC1=CC=C(C2=C(C3=CC=NC(NC4=CC=C(N(CCN(C)C)C=C5)C5=C4)=N3)SC(NC(C)=O)=N2)C=C1,3.2,8.494850022,DiscoveryofNovelFourth-GenerationEGFRInhibitorstoOvercome C797S-MediatedResistance,7.394850022,-0.855149978,6.855149978,21.32485002,-2.153666973,8.153666973,,1,1
M26,O=C1N(C2=CN(S(C3CC3)(=O)=O)N=C2OC)C4=NC(NC5=CC(C)=C(N6CCC(N7CCN(C)CC7)CC6)C=C5)=NC=C4N=C1C8=C(Cl)C=CC=C8,3.166,8.499489089,DirectSer797InteractedPteridine-7(8H)?oneDerivativesasHighly SelectiveandOrallyAvailableEGFRL858R/T790M/C797S Inhibitors,5.109489089,-1.120510911,7.120510911,37.82948909,-2.748217583,8.748217583,,1,1
D49,CN(C)CCN1C=CC2=C1C=CC(NC3=NC=C(Cl)C(C4=CN(S(CC)(=O)=O)C5=C4C=CC=C5)=N3)=C2,2.8,8.552841969,Discovery of Potent and Wild-Type-Sparing Fourth-Generation EGFR Inhibitors for Treatment of Osimertinib-Resistance NSCLC,7.632841969,-1.247158031,7.247158031,37.14284197,-1.559180498,7.559180498,,1,1
C15,FC1=CC=C(C2=C(C3=CC=NC(NC4=CC=C(N(CCN(C)C)C=C5)C5=C4)=N3)SC(NS(=O)(C)=O)=N2)C=C1,2.5,8.602059991,DiscoveryofNovelFourth-GenerationEGFRInhibitorstoOvercome C797S-MediatedResistance,3.612059991,-1.577940009,7.577940009,33.30205999,-2.285019398,8.285019398,,1,0
C28,FC1=CC=C(C2=C(C3=CC=NC(NC4=C(OC)C=C(N5CCN(C)CC5)C=C4)=N3)SC(NS(=O)(CC)=O)=N2)C=C1,2.5,8.602059991,DiscoveryofNovelFourth-GenerationEGFRInhibitorstoOvercome C797S-MediatedResistance,7.972059991,-0.487940009,6.487940009,39.93205999,-2.538047791,8.538047791,,1,1
C24,FC1=CC=C(C2=C(C3=CC=NC(NC4=CC=C(N5CCN(CC)CC5)C=C4)=N3)SC(NS(=O)(CC)=O)=N2)C=C1,2.2,8.657577319,DiscoveryofNovelFourth-GenerationEGFRInhibitorstoOvercome C797S-MediatedResistance,6.557577319,-0.242422681,6.242422681,24.36757732,-2.292789936,8.292789936,,1,1
C9,FC1=CC=C(C2=C(C3=CC=NC(NC4=CC=C(N(CCN(C)C)C=C5)C5=C4)=N3)SC(N)=N2)C=C1,2.1,8.677780705,DiscoveryofNovelFourth-GenerationEGFRInhibitorstoOvercome C797S-MediatedResistance,6.567780705,-0.642219295,6.642219295,29.50778071,-2.368420601,8.368420601,,1,1
C26,FC1=CC=C(C2=C(C3=CC=NC(NC4=CC=C(C5CCN(C)CC5)C=C4)=N3)SC(NS(=O)(CC)=O)=N2)C=C1,2.1,8.677780705,DiscoveryofNovelFourth-GenerationEGFRInhibitorstoOvercome C797S-MediatedResistance,3.807780705,-1.182219295,7.182219295,36.90778071,-2.620989799,8.620989799,,1,0
D48,CN(C)CCN1C=CC2=C1C=CC(NC3=NC=CC(C4=CN(S(CC)(=O)=O)C5=C4C=CC=C5)=N3)=C2,1.9,8.721246399,Discovery of Potent and Wild-Type-Sparing Fourth-Generation EGFR Inhibitors for Treatment of Osimertinib-Resistance NSCLC,3.791246399,-0.358753601,6.358753601,16.8212464,-1.346037865,7.346037865,,1,0
C23,FC1=CC=C(C2=C(C3=CC=NC(NC(C=C4)=CC=C4N5CCN(CC5)C)=N3)SC(NS(=O)(CC)=O)=N2)C=C1,1.8,8.744727495,DiscoveryofNovelFourth-GenerationEGFRInhibitorstoOvercome C797S-MediatedResistance,8.324727495,-1.705272505,7.705272505,17.3347275,-2.405482292,8.405482292,,1,1
C16,FC1=CC=C(C2=C(C3=CC=NC(NC4=CC=C5N(C=CC5=C4)CCN(C)C)=N3)SC(NS(=O)(CC)=O)=N2)C=C1,0.9,9.045757491,DiscoveryofNovelFourth-GenerationEGFRInhibitorstoOvercome C797S-MediatedResistance,7.355757491,-0.154242509,6.154242509,21.22575749,-2.633566856,8.633566856,,1,1
H1,CP(C1=C(NC2=C(Cl)C=NC(NC3=CC([N+]([O-])=O)=C(N4CCC(N5CCN(C)CC5)CC4)C=C3OC)=N2)C=CC=C1)(C)=O,0.21,9.677780705,"ADichloropropionamide-SubstitutedDiaminopyrimidineEGFR-TKI
OvercomesOsimertinibResistanceinNSCLCviaDualAnchoringat
Ser797andMet793",4.807780705,-1.529854655,7.529854655,19.39778071,-1.758322954,7.758322954,,1,0
Compound,SMILE,IC50(nM),#VALUE!,,#VALUE!,,6,Rossta,#N/A,#N/A,,,
